variant,num_samples,num_failed,mean_cer,mean_wer,mean_time_ms,mean_cost
conservative,3,0,0.6666666666666666,0.6666666666666666,2932.947317759196,0.017
balanced,3,0,0.6666666666666666,0.6666666666666666,1770.115613937378,0.017
aggressive,3,0,0.6666666666666666,0.6666666666666666,1718.9359664916992,0.017
