profile,num_samples,num_failed,mean_cer,mean_wer,mean_time_ms,mean_cost
default,3,0,0.6833333333333332,0.75,920.487642288208,0.001
heavy_degradation,3,0,0.7166666666666667,0.75,180.98004659016928,0.001
modern_print,3,0,0.3333333333333333,0.3333333333333333,307.1446418762207,0.001
handwritten,3,0,0.39999999999999997,0.5,305.5403232574463,0.001
