name,num_samples,num_failed,mean_cer,mean_wer,mean_time_ms,p50_time_ms,p95_time_ms,p99_time_ms,total_cost,mean_cost,error
tesseract,200,0,0.9761878457044579,1.017653318903319,139.99434232711792,136.13009452819824,167.22370386123657,193.89686107635495,0.0,0.0,
custom_crnn,200,0,0.44799306088932617,0.4283549783549783,258.62085223197937,180.18901348114014,536.3377690315247,564.2518234252927,0.20000000000000015,0.0010000000000000007,
trocr,200,0,1.6962211141060197,1.0728472222222223,2862.773904800415,2657.4138402938843,4636.332917213439,6088.562853336332,10.000000000000007,0.05000000000000004,
google_vision,200,0,0.457062472408287,0.5296718975468976,133.90387415885925,136.46817207336426,176.42186880111691,201.03035688400226,3.0000000000000027,0.015000000000000013,
intelligent_routing,200,0,0.6591236001004174,0.6035277777777778,863.0911362171173,264.8884057998657,3721.632432937617,5626.5726208686765,1.7110000000000003,0.008555000000000002,
