name,num_samples,num_failed,mean_cer,mean_wer,mean_time_ms,p50_time_ms,p95_time_ms,p99_time_ms,total_cost,mean_cost,error
tesseract,0,3,,,,,,,0.0,,TesseractNotFoundError: tesseract is not installed or it's not in your PATH. See README file for more information.
custom_crnn,50,0,0.07351690118064154,0.18373615273615276,455.8653259277344,357.6239347457886,1120.8576560020445,2175.0985121726953,0.05000000000000004,0.0010000000000000007,
trocr,50,0,0.013508028540003391,0.0359035409035409,9495.529727935791,9003.663420677185,13130.258762836454,13536.521790027618,2.499999999999999,0.04999999999999998,
intelligent_routing,50,0,0.08708404928924995,0.20137728937728938,3624.1539335250854,4467.577695846558,6406.193292140961,6819.8649764060965,1.716,0.034319999999999996,
