name,num_samples,num_failed,mean_cer,mean_wer,mean_time_ms,p50_time_ms,p95_time_ms,p99_time_ms,total_cost,mean_cost,error
tesseract,0,3,,,,,,,0.0,,TesseractNotFoundError: tesseract is not installed or it's not in your PATH. See README file for more information.
custom_crnn,50,0,0.016357142857142855,0.14,463.28763008117676,406.29875659942627,473.4546184539795,2491.7109870910567,0.05000000000000004,0.0010000000000000007,
trocr,50,0,0.18752380952380954,0.66,4843.91471862793,4768.576860427856,6216.116237640381,6984.836499691009,2.499999999999999,0.04999999999999998,
intelligent_routing,50,0,0.1464134199134199,0.52,3226.1642742156982,4153.515458106995,6565.2752161026,7008.603856563567,1.3730000000000002,0.027460000000000005,
