name,num_samples,num_failed,mean_cer,mean_wer,mean_time_ms,p50_time_ms,p95_time_ms,p99_time_ms,total_cost,mean_cost,error
tesseract,0,3,,,,,,,0.0,,TesseractNotFoundError: tesseract is not installed or it's not in your PATH. See README file for more information.
custom_crnn,50,0,0.46666666666666673,0.46,593.794755935669,372.55847454071045,1146.9794154167175,3070.070421695702,0.05000000000000004,0.0010000000000000007,
trocr,50,0,1.7346666666666666,1.08,5626.97874546051,5710.439443588257,6697.587871551513,6914.847936630249,2.499999999999999,0.04999999999999998,
intelligent_routing,22,28,0.3939393939393939,0.45454545454545453,1883.1370310349898,700.9212970733643,7923.895144462584,9793.79782438278,0.16900000000000004,0.007681818181818184,TesseractNotFoundError: tesseract is not installed or it's not in your PATH. See README file for more information.
